{"accuracy": 0.8816460305899491, "precision": 0.47797563261480785, "recall": 0.5495689655172413, "f1": 0.5112781954887218, "roc_auc": 0.7366859875465823, "train_time_s": 0.6025090217590332}