{"accuracy": 0.8907501820830298, "precision": 0.5092348284960422, "recall": 0.8318965517241379, "f1": 0.6317512274959084, "roc_auc": 0.9408430232558139}