{"accuracy": 0.9147851420247632, "precision": 0.6374695863746959, "recall": 0.5646551724137931, "f1": 0.5988571428571429, "roc_auc": 0.9447316943016179}