{"accuracy": 0.922068463219228, "precision": 0.6588888888888889, "recall": 0.6390086206896551, "f1": 0.6487964989059081, "roc_auc": 0.9532682850606161}